0xef3d9ddf59f3622a04753c61e6c4d596e7fc610d,254
0xff6ddb157773197c31a834f6a294c7d0c0abc79f,170
0x63a9dbce75413036b2b778e670aabd4493aaf9f3,166
0xd387a6e4e84a6c86bd90c158c6028a58cc8ac459,144
0xafcadfc1c9110f2190070b3bad926ec16c88b9b0,116
0x2ee92c196d63f2313a52c4bb48f427361460636b,112
0x6186290b28d511bff971631c916244a9fc539cfe,73
0x0d41f957181e584db82d2e316837b2de1738c477,68
0x442dccee68425828c106a3662014b4f131e3bd9b,63
0x16205a6048b6af17f1ac1a009bbf2ed9289e6921,61
0x7d846f23934e2faee6d442a3eaadb2b237e5c38e,50
0x10f546a6f4d20d91e5a8506124384759c9f4bc79,45
0x313206afcc9d645f5fdc35b6d60f1acd019de21a,42
0xb823dc506011eedab6f8feecc88806dbfc55ea93,41
0xeaa6be7869506148b97bf76c844b6b3b51951840,38
0x7c00c9f0e7aed440c0c730a9bd9ee4f49de20d5c,36
0xe4347d34d8c0c941926e84b56cb9dfcbcf4154fa,33
0x614a61a3b7f2fd8750acaad63b2a0cfe8b8524f1,33
0x60d38778adbbeeac88f741b833cbb9877228eea0,32
0x52a5ff2b96b7e95f6096ac42f1b20922d2f6b2f7,25
0xf52393e120f918ffba50410b90a29b1f8250c879,21
0x0eb0e2eaaea05d3496fe9f283fdab2734e57f40a,20
0xbad858a0cf09f210fcf35cbf83569178879b47f2,19
0x9ccdf736e965620f857e828e43d79d4b859a7160,18
0x007880443b595eb375ab6b6566ad9a52630659ff,17
0xec7641e298af02c19171451381c570327389b0c2,16
0x29ecaa773f052d14ec5258b352ee7304f57aabc3,13
0xc35a5fec6be6957899e15559be252db882220b37,13
0x2edfbd1bd4bcab2a1fd24efd4724d1344c82bb36,12
0xc5e38233cc0d7cff9340e6139367aba498ec9b18,12
0x4511374de031f66c3a80b4f1b4aac013909469d3,11
0xb89c2f6bb674bd6aace2a1e274d40e6dc4775b15,11
0xe4fe7da1a0f15a71e33856f56256c273e243f25b,10
0x4595ff64328faf80a8cf0d52355639984b6af23c,10
0xa0ab8eddf14a5174688e2eb1bdb69cdf377142c3,9
0x83c9440dc34da00c47a0d4dc2b598d7bdb1b53f7,9
0xed4970f657c11de6902247227b29114072bb3b2b,8
0xee8ce35e96046bfc370300020dc956c6604834ae,8
0xda81a57188006feac8711b046b28a79ea202e999,6
0x7891f796a5d43466fc29f102069092aef497a290,6
0x81369699f67ffca0048ac17d7c68107c1b5aad20,6
0x02206509a713e003bd099fd12a2edfef9af84665,5
0xee402489d83e2b22d496910f8c810d35a3ad7b25,5
0xcd4fec10c8ad4873e209062b31defb684ff8cb7c,5
0x97b00eebfc135baf9fbcf1daeeddab2fde75d5ce,5
0xfb40c6447b3ecf4a7606213b4264c1b87c05d724,5
0x50c5e398267465dcbc19c512ed7ca8e345e35d67,4
0x92fab452e2f14c7730f79031906e06326c916946,4
0x9954154fb679105b06f16acad24c2fc159c4248e,4
0x1e9babdb4743dbaaf287352bc9d3d8c31b0ff327,4
0x44e9d011df8741be2493e99297e9ad67bb1aa85b,4
0xdbb59151b18dd72e9ac092706e93de5b5d7a9325,3
0x9e50ed2154dd9f5d8dacb8c44df100c89b9fd378,3
0xa16ce88f9f702d390244ce016f9416b23c9c3027,3
0xc26dde2197e57159d1f3634c507ce3dcd3d322e1,3
0xbce3bd3b206946abbe094903ae2b4244b52fb4e9,3
0x90f440e449c47f4caf78c62c131dfc38ab491d4a,2
0x183febd8828a9ac6c70c0e27fbf441b93004fc05,2
0x5a483c063b6b2b4f0baafbfe799a3504dd477dae,2
0x4b462c21f9c6fb5e1fbb7e7b999188c0ebc4cc29,2
0xe0e3937c5ae969a58b6355d3cb401a8ef7d4f212,2
0xa7b33cd26f27f1c6b709db5cae442e42387ba69a,2
0x265f4d53de8851c758e8c830825595dde08cae71,2
0x9d379330152cc266ed8d5e37fed6580bce3ffa8c,2
0x1d4cfc5a2a00b3baf42deacb168ee0697c8276e0,2
0x07320f3121bf16fd490439fb33bf39854641a0d0,1
0x1e047b60bc238df472ea6d9774c9b9bf50133d4f,1
0x971f825fe75aa2879d259fc562fc7638d4d1b060,1
0x530cf036ed4fa58f7301a9c788c9806624cefd19,1
0x7b8405d2e5c06156c6336666a0d9029a6c3b1364,1
0x5abdc3cb826fc0277d642c9fb52fa76fe3abb4e7,1
0xd54c86fb31a2f2f624bb8b46f29ffdf65b426a34,1
0xb33a470366abf27d20c73c2e9b58ef87e1204652,1
0xbf5c6d85510e491cd45d1264fffec0c2c4282564,1
0xe39607b7f64237c4375860f30a17853cb401e852,1
0x406f4533b2f6209812d7ef9c7d69b8c54217c208,1
0x3401ea5a8d91c5e3944962c0148b08ac4a77f153,1
0x32c37e7ca38be1f85cd9e85c81ac9b6730f43e3e,1
0xa4ad045d62a493f0ed883b413866448afb13087c,1
0x00a839de7922491683f547a67795204763ff8237,1
0x8ed4d3c67ee1a73f5df8ca3e10698f1cd4c5b14c,1
0x9aed270afe90390372ef9fb22833a07841ff1f05,1
